{"cameraMode":{"drawMode":0,"name":"Shaded","section":"Shading Mode"},"sceneLighting":true,"audioPlay":false,"sceneViewState":{"m_AlwaysRefresh":false,"showFog":true,"showSkybox":true,"showFlares":true,"showImageEffects":true,"showParticleSystems":true,"showVisualEffectGraphs":true,"m_FxEnabled":true},"in2DMode":false,"pivot":{"x":14.705178260803223,"y":6.612445831298828,"z":16.371767044067384},"rotation":{"x":0.22875384986400605,"y":0.4077833890914917,"z":-0.10629884898662567,"w":0.8775450587272644},"size":0.0003184952074661851,"orthographic":false}